"0","select_K(gen, K_selection = ""tess"", coords = liz_coords, Kvals = 1:10) # 3"
"1","== Computing spectral decomposition of graph laplacian matrix"
"1",": done"
"1","
"
"1","==Main loop with "
"1","1"
"1"," threads: "
"1","done"
"1","
"
"1","== Computing spectral decomposition of graph laplacian matrix"
"1",": done"
"1","
"
"1","==Main loop with "
"1","1"
"1"," threads: "
"1","done"
"1","
"
"1","== Computing spectral decomposition of graph laplacian matrix"
"1",": done"
"1","
"
"1","==Main loop with "
"1","1"
"1"," threads: "
"1","done"
"1","
"
"1","== Computing spectral decomposition of graph laplacian matrix"
"1",": done"
"1","
"
"1","==Main loop with "
"1","1"
"1"," threads: "
"1","done"
"1","
"
"1","== Computing spectral decomposition of graph laplacian matrix"
"1",": done"
"1","
"
"1","==Main loop with "
"1","1"
"1"," threads: "
"1","done"
"1","
"
"1","== Computing spectral decomposition of graph laplacian matrix"
"1",": done"
"1","
"
"1","==Main loop with "
"1","1"
"1"," threads: "
"1","done"
"1","
"
"1","== Computing spectral decomposition of graph laplacian matrix"
"1",": done"
"1","
"
"1","==Main loop with "
"1","1"
"1"," threads: "
"1","done"
"1","
"
"1","== Computing spectral decomposition of graph laplacian matrix"
"1",": done"
"1","
"
"1","==Main loop with "
"1","1"
"1"," threads: "
"1","done"
"1","
"
"1","== Computing spectral decomposition of graph laplacian matrix"
"1",": done"
"1","
"
"1","==Main loop with "
"1","1"
"1"," threads: "
"1","done"
"1","
"
"1","== Computing spectral decomposition of graph laplacian matrix"
"1",": done"
"1","
"
"1","==Main loop with "
"1","1"
"1"," threads: "
"1","done"
"1","
"
"1","[1]"
"1"," 3"
"1","
"
